County,Median_Income,AQ_Max,norm_income,norm_aq_max,norm_index
Alameda,43583.0,135.0,0.26813205857716416,0.20238095238095238,0.23525650547905827
Alameda,43583.0,96.0,0.26813205857716416,0.125,0.19656602928858208
Alameda,43583.0,119.0,0.26813205857716416,0.17063492063492064,0.2193834896060424
Alameda,43583.0,119.0,0.26813205857716416,0.17063492063492064,0.2193834896060424
Alameda,43583.0,124.0,0.26813205857716416,0.18055555555555555,0.22434380706635987
Alameda,43583.0,76.0,0.26813205857716416,0.08531746031746032,0.17672475944731225
Alameda,43583.0,159.0,0.26813205857716416,0.25,0.2590660292885821
Alameda,43583.0,223.0,0.26813205857716416,0.376984126984127,0.32255809278064557
Alameda,43583.0,87.0,0.26813205857716416,0.10714285714285714,0.18763745786001065
Amador,31160.0,140.0,0.6269605152941856,0.2123015873015873,0.41963105129788647
Amador,31160.0,140.0,0.6269605152941856,0.2123015873015873,0.41963105129788647
Amador,31160.0,140.0,0.6269605152941856,0.2123015873015873,0.41963105129788647
Amador,31160.0,140.0,0.6269605152941856,0.2123015873015873,0.41963105129788647
Amador,31160.0,140.0,0.6269605152941856,0.2123015873015873,0.41963105129788647
Amador,31160.0,140.0,0.6269605152941856,0.2123015873015873,0.41963105129788647
Amador,31160.0,140.0,0.6269605152941856,0.2123015873015873,0.41963105129788647
Amador,31160.0,140.0,0.6269605152941856,0.2123015873015873,0.41963105129788647
Amador,31160.0,140.0,0.6269605152941856,0.2123015873015873,0.41963105129788647
Butte,24067.0,141.0,0.8318361687992837,0.21428571428571427,0.5230609415424989
Butte,24067.0,86.0,0.8318361687992837,0.10515873015873016,0.4684974494790069
Butte,24067.0,109.0,0.8318361687992837,0.15079365079365079,0.49131490979646725
Butte,24067.0,153.0,0.8318361687992837,0.23809523809523808,0.5349657034472609
Butte,24067.0,110.0,0.8318361687992837,0.1527777777777778,0.49230697328853074
Butte,24067.0,105.0,0.8318361687992837,0.14285714285714285,0.48734665582821324
Butte,24067.0,125.0,0.8318361687992837,0.18253968253968253,0.5071879256694831
Butte,24067.0,441.0,0.8318361687992837,0.8095238095238095,0.8206799891615466
Butte,24067.0,98.0,0.8318361687992837,0.12896825396825398,0.4804022113837688
Calaveras,29124.0,140.0,0.6857687530689466,0.2123015873015873,0.44903517018526695
Calaveras,29124.0,140.0,0.6857687530689466,0.2123015873015873,0.44903517018526695
Calaveras,29124.0,140.0,0.6857687530689466,0.2123015873015873,0.44903517018526695
Calaveras,29124.0,140.0,0.6857687530689466,0.2123015873015873,0.44903517018526695
Calaveras,29124.0,140.0,0.6857687530689466,0.2123015873015873,0.44903517018526695
Calaveras,29124.0,140.0,0.6857687530689466,0.2123015873015873,0.44903517018526695
Calaveras,29124.0,140.0,0.6857687530689466,0.2123015873015873,0.44903517018526695
Calaveras,29124.0,140.0,0.6857687530689466,0.2123015873015873,0.44903517018526695
Calaveras,29124.0,140.0,0.6857687530689466,0.2123015873015873,0.44903517018526695
Colusa,27103.0,140.0,0.7441437277952687,0.2123015873015873,0.478222657548428
Colusa,27103.0,140.0,0.7441437277952687,0.2123015873015873,0.478222657548428
Colusa,27103.0,140.0,0.7441437277952687,0.2123015873015873,0.478222657548428
Colusa,27103.0,140.0,0.7441437277952687,0.2123015873015873,0.478222657548428
Colusa,27103.0,140.0,0.7441437277952687,0.2123015873015873,0.478222657548428
Colusa,27103.0,140.0,0.7441437277952687,0.2123015873015873,0.478222657548428
Colusa,27103.0,140.0,0.7441437277952687,0.2123015873015873,0.478222657548428
Colusa,27103.0,140.0,0.7441437277952687,0.2123015873015873,0.478222657548428
Colusa,27103.0,140.0,0.7441437277952687,0.2123015873015873,0.478222657548428
Fresno,25238.0,163.0,0.7980127668178273,0.25793650793650796,0.5279746373771677
Fresno,25238.0,171.0,0.7980127668178273,0.27380952380952384,0.5359111453136756
Fresno,25238.0,176.0,0.7980127668178273,0.2837301587301587,0.540871462773993
Fresno,25238.0,173.0,0.7980127668178273,0.2777777777777778,0.5378952722978025
Fresno,25238.0,164.0,0.7980127668178273,0.25992063492063494,0.5289667008692311
Fresno,25238.0,146.0,0.7980127668178273,0.22420634920634921,0.5111095580120882
Fresno,25238.0,168.0,0.7980127668178273,0.26785714285714285,0.5329349548374851
Fresno,25238.0,172.0,0.7980127668178273,0.2757936507936508,0.536903208805739
Fresno,25238.0,140.0,0.7980127668178273,0.2123015873015873,0.5051571770597073
Glenn,24329.0,140.0,0.8242685075532191,0.2123015873015873,0.5182850474274032
Glenn,24329.0,140.0,0.8242685075532191,0.2123015873015873,0.5182850474274032
Glenn,24329.0,140.0,0.8242685075532191,0.2123015873015873,0.5182850474274032
Glenn,24329.0,140.0,0.8242685075532191,0.2123015873015873,0.5182850474274032
Glenn,24329.0,140.0,0.8242685075532191,0.2123015873015873,0.5182850474274032
Glenn,24329.0,140.0,0.8242685075532191,0.2123015873015873,0.5182850474274032
Glenn,24329.0,140.0,0.8242685075532191,0.2123015873015873,0.5182850474274032
Glenn,24329.0,140.0,0.8242685075532191,0.2123015873015873,0.5182850474274032
Glenn,24329.0,140.0,0.8242685075532191,0.2123015873015873,0.5182850474274032
Humboldt,25114.0,78.0,0.8015944080182549,0.08928571428571429,0.4454400611519846
Humboldt,25114.0,72.0,0.8015944080182549,0.07738095238095238,0.4394876801996036
Humboldt,25114.0,85.0,0.8015944080182549,0.10317460317460317,0.452384505596429
Humboldt,25114.0,115.0,0.8015944080182549,0.1626984126984127,0.4821464103583338
Humboldt,25114.0,90.0,0.8015944080182549,0.1130952380952381,0.4573448230567465
Humboldt,25114.0,68.0,0.8015944080182549,0.06944444444444445,0.43551942623134965
Humboldt,25114.0,142.0,0.8015944080182549,0.21626984126984128,0.5089321246440481
Humboldt,25114.0,111.0,0.8015944080182549,0.15476190476190477,0.4781781563900798
Humboldt,25114.0,65.0,0.8015944080182549,0.06349206349206349,0.4325432357551592
Imperial,18245.0,164.0,1.0,0.25992063492063494,0.6299603174603174
Imperial,18245.0,156.0,1.0,0.24404761904761904,0.6220238095238095
Imperial,18245.0,103.0,1.0,0.1388888888888889,0.5694444444444444
Imperial,18245.0,153.0,1.0,0.23809523809523808,0.6190476190476191
Imperial,18245.0,175.0,1.0,0.28174603174603174,0.6408730158730158
Imperial,18245.0,152.0,1.0,0.2361111111111111,0.6180555555555556
Imperial,18245.0,134.0,1.0,0.2003968253968254,0.6001984126984127
Imperial,18245.0,169.0,1.0,0.2698412698412698,0.6349206349206349
Imperial,18245.0,144.0,1.0,0.22023809523809523,0.6101190476190477
Inyo,31566.0,258.0,0.6152335287831086,0.44642857142857145,0.53083105010584
Inyo,31566.0,176.0,0.6152335287831086,0.2837301587301587,0.44948184375663364
Inyo,31566.0,188.0,0.6152335287831086,0.30753968253968256,0.46138660566139555
Inyo,31566.0,211.0,0.6152335287831086,0.3531746031746032,0.4842040659788559
Inyo,31566.0,190.0,0.6152335287831086,0.3115079365079365,0.46337073264552253
Inyo,31566.0,152.0,0.6152335287831086,0.2361111111111111,0.42567231994710986
Inyo,31566.0,240.0,0.6152335287831086,0.4107142857142857,0.5129739072486972
Inyo,31566.0,297.0,0.6152335287831086,0.5238095238095238,0.5695215262963162
Inyo,31566.0,173.0,0.6152335287831086,0.2777777777777778,0.44650565328044317
Kern,25013.0,165.0,0.8045117125444095,0.2619047619047619,0.5332082372245857
Kern,25013.0,178.0,0.8045117125444095,0.2876984126984127,0.546105062621411
Kern,25013.0,218.0,0.8045117125444095,0.36706349206349204,0.5857876023039508
Kern,25013.0,178.0,0.8045117125444095,0.2876984126984127,0.546105062621411
Kern,25013.0,178.0,0.8045117125444095,0.2876984126984127,0.546105062621411
Kern,25013.0,157.0,0.8045117125444095,0.24603174603174602,0.5252717292880777
Kern,25013.0,175.0,0.8045117125444095,0.28174603174603174,0.5431288721452205
Kern,25013.0,174.0,0.8045117125444095,0.27976190476190477,0.542136808653157
Kern,25013.0,166.0,0.8045117125444095,0.2638888888888889,0.5342003007166491
Kings,26841.0,163.0,0.7517113890413333,0.25793650793650796,0.5048239484889206
Kings,26841.0,155.0,0.7517113890413333,0.24206349206349206,0.4968874405524127
Kings,26841.0,189.0,0.7517113890413333,0.30952380952380953,0.5306175992825715
Kings,26841.0,172.0,0.7517113890413333,0.2757936507936508,0.513752519917492
Kings,26841.0,174.0,0.7517113890413333,0.27976190476190477,0.515736646901619
Kings,26841.0,153.0,0.7517113890413333,0.23809523809523808,0.49490331356828565
Kings,26841.0,181.0,0.7517113890413333,0.29365079365079366,0.5226810913460634
Kings,26841.0,180.0,0.7517113890413333,0.2916666666666667,0.521689027854
Kings,26841.0,153.0,0.7517113890413333,0.23809523809523808,0.49490331356828565
Lake,25172.0,33.0,0.7999191242309581,0.0,0.39995956211547906
Lake,25172.0,59.0,0.7999191242309581,0.051587301587301584,0.4257532129091299
Lake,25172.0,64.0,0.7999191242309581,0.061507936507936505,0.4307135303694473
Lake,25172.0,60.0,0.7999191242309581,0.05357142857142857,0.42674527640119336
Lake,25172.0,148.0,0.7999191242309581,0.22817460317460317,0.5140468637027806
Lake,25172.0,39.0,0.7999191242309581,0.011904761904761904,0.40591194306786
Lake,25172.0,166.0,0.7999191242309581,0.2638888888888889,0.5319040065599235
Lake,25172.0,208.0,0.7999191242309581,0.3472222222222222,0.5735706732265902
Lake,25172.0,35.0,0.7999191242309581,0.003968253968253968,0.40194368909960604
Lassen,30814.0,140.0,0.6369544496115075,0.2123015873015873,0.4246280184565474
Lassen,30814.0,140.0,0.6369544496115075,0.2123015873015873,0.4246280184565474
Lassen,30814.0,140.0,0.6369544496115075,0.2123015873015873,0.4246280184565474
Lassen,30814.0,140.0,0.6369544496115075,0.2123015873015873,0.4246280184565474
Lassen,30814.0,140.0,0.6369544496115075,0.2123015873015873,0.4246280184565474
Lassen,30814.0,140.0,0.6369544496115075,0.2123015873015873,0.4246280184565474
Lassen,30814.0,140.0,0.6369544496115075,0.2123015873015873,0.4246280184565474
Lassen,30814.0,140.0,0.6369544496115075,0.2123015873015873,0.4246280184565474
Lassen,30814.0,140.0,0.6369544496115075,0.2123015873015873,0.4246280184565474
Madera,23691.0,159.0,0.8426966292134832,0.25,0.5463483146067416
Madera,23691.0,153.0,0.8426966292134832,0.23809523809523808,0.5403959336543607
Madera,23691.0,168.0,0.8426966292134832,0.26785714285714285,0.555276886035313
Madera,23691.0,164.0,0.8426966292134832,0.25992063492063494,0.551308632067059
Madera,23691.0,154.0,0.8426966292134832,0.2400793650793651,0.5413879971464242
Madera,23691.0,131.0,0.8426966292134832,0.19444444444444445,0.5185705368289638
Madera,23691.0,159.0,0.8426966292134832,0.25,0.5463483146067416
Madera,23691.0,165.0,0.8426966292134832,0.2619047619047619,0.5523006955591225
Madera,23691.0,95.0,0.8426966292134832,0.12301587301587301,0.4828562511146781
Marin,52866.0,117.0,0.0,0.16666666666666666,0.08333333333333333
Marin,52866.0,81.0,0.0,0.09523809523809523,0.047619047619047616
Marin,52866.0,124.0,0.0,0.18055555555555555,0.09027777777777778
Marin,52866.0,107.0,0.0,0.14682539682539683,0.07341269841269842
Marin,52866.0,103.0,0.0,0.1388888888888889,0.06944444444444445
Marin,52866.0,58.0,0.0,0.0496031746031746,0.0248015873015873
Marin,52866.0,161.0,0.0,0.25396825396825395,0.12698412698412698
Marin,52866.0,218.0,0.0,0.36706349206349204,0.18353174603174602
Marin,52866.0,67.0,0.0,0.06746031746031746,0.03373015873015873
Mariposa,27678.0,140.0,0.7275353109384477,0.2123015873015873,0.4699184491200175
Mariposa,27678.0,140.0,0.7275353109384477,0.2123015873015873,0.4699184491200175
Mariposa,27678.0,140.0,0.7275353109384477,0.2123015873015873,0.4699184491200175
Mariposa,27678.0,140.0,0.7275353109384477,0.2123015873015873,0.4699184491200175
Mariposa,27678.0,140.0,0.7275353109384477,0.2123015873015873,0.4699184491200175
Mariposa,27678.0,140.0,0.7275353109384477,0.2123015873015873,0.4699184491200175
Mariposa,27678.0,140.0,0.7275353109384477,0.2123015873015873,0.4699184491200175
Mariposa,27678.0,140.0,0.7275353109384477,0.2123015873015873,0.4699184491200175
Mariposa,27678.0,140.0,0.7275353109384477,0.2123015873015873,0.4699184491200175
Mendocino,26784.0,80.0,0.7533577886254008,0.09325396825396826,0.42330587843968454
Mendocino,26784.0,77.0,0.7533577886254008,0.0873015873015873,0.42032968796349407
Mendocino,26784.0,79.0,0.7533577886254008,0.09126984126984126,0.42231381494762105
Mendocino,26784.0,95.0,0.7533577886254008,0.12301587301587301,0.4381868308206369
Mendocino,26784.0,160.0,0.7533577886254008,0.251984126984127,0.5026709578047639
Mendocino,26784.0,66.0,0.7533577886254008,0.06547619047619048,0.40941698955079564
Mendocino,26784.0,188.0,0.7533577886254008,0.30753968253968256,0.5304487355825417
Mendocino,26784.0,314.0,0.7533577886254008,0.5575396825396826,0.6554487355825417
Mendocino,26784.0,77.0,0.7533577886254008,0.0873015873015873,0.42032968796349407
Merced,24873.0,155.0,0.808555500996505,0.24206349206349206,0.5253094965299985
Merced,24873.0,138.0,0.808555500996505,0.20833333333333334,0.5084444171649192
Merced,24873.0,161.0,0.808555500996505,0.25396825396825395,0.5312618774823794
Merced,24873.0,156.0,0.808555500996505,0.24404761904761904,0.526301560022062
Merced,24873.0,154.0,0.808555500996505,0.2400793650793651,0.524317433037935
Merced,24873.0,119.0,0.808555500996505,0.17063492063492064,0.4895952108157128
Merced,24873.0,158.0,0.808555500996505,0.24801587301587302,0.5282856870061889
Merced,24873.0,171.0,0.808555500996505,0.27380952380952384,0.5411825124030144
Merced,24873.0,116.0,0.808555500996505,0.16468253968253968,0.4866190203395223
Modoc,25106.0,140.0,0.8018254816440888,0.2123015873015873,0.507063534472838
Modoc,25106.0,140.0,0.8018254816440888,0.2123015873015873,0.507063534472838
Modoc,25106.0,140.0,0.8018254816440888,0.2123015873015873,0.507063534472838
Modoc,25106.0,140.0,0.8018254816440888,0.2123015873015873,0.507063534472838
Modoc,25106.0,140.0,0.8018254816440888,0.2123015873015873,0.507063534472838
Modoc,25106.0,140.0,0.8018254816440888,0.2123015873015873,0.507063534472838
Modoc,25106.0,140.0,0.8018254816440888,0.2123015873015873,0.507063534472838
Modoc,25106.0,140.0,0.8018254816440888,0.2123015873015873,0.507063534472838
Modoc,25106.0,140.0,0.8018254816440888,0.2123015873015873,0.507063534472838
Mono,30701.0,140.0,0.6402183645764132,0.2123015873015873,0.4262599759390003
Mono,30701.0,140.0,0.6402183645764132,0.2123015873015873,0.4262599759390003
Mono,30701.0,140.0,0.6402183645764132,0.2123015873015873,0.4262599759390003
Mono,30701.0,140.0,0.6402183645764132,0.2123015873015873,0.4262599759390003
Mono,30701.0,140.0,0.6402183645764132,0.2123015873015873,0.4262599759390003
Mono,30701.0,140.0,0.6402183645764132,0.2123015873015873,0.4262599759390003
Mono,30701.0,140.0,0.6402183645764132,0.2123015873015873,0.4262599759390003
Mono,30701.0,140.0,0.6402183645764132,0.2123015873015873,0.4262599759390003
Mono,30701.0,140.0,0.6402183645764132,0.2123015873015873,0.4262599759390003
Monterey,28207.0,67.0,0.7122555674301725,0.06746031746031746,0.38985794244524496
Monterey,28207.0,60.0,0.7122555674301725,0.05357142857142857,0.38291349800080055
Monterey,28207.0,96.0,0.7122555674301725,0.125,0.41862778371508624
Monterey,28207.0,70.0,0.7122555674301725,0.07341269841269842,0.39283413292143543
Monterey,28207.0,120.0,0.7122555674301725,0.17261904761904762,0.4424373075246101
Monterey,28207.0,176.0,0.7122555674301725,0.2837301587301587,0.4979928630801656
Monterey,28207.0,121.0,0.7122555674301725,0.1746031746031746,0.44342937101667357
Monterey,28207.0,155.0,0.7122555674301725,0.24206349206349206,0.4771595297468323
Monterey,28207.0,144.0,0.7122555674301725,0.22023809523809523,0.46624683133413386
Napa,37953.0,140.0,0.43075012275786373,0.2123015873015873,0.3215258550297255
Napa,37953.0,76.0,0.43075012275786373,0.08531746031746032,0.25803379153766204
Napa,37953.0,102.0,0.43075012275786373,0.13690476190476192,0.28382744233131285
Napa,37953.0,88.0,0.43075012275786373,0.10912698412698413,0.2699385534424239
Napa,37953.0,108.0,0.43075012275786373,0.1488095238095238,0.2897798232836938
Napa,37953.0,77.0,0.43075012275786373,0.0873015873015873,0.2590258550297255
Napa,37953.0,249.0,0.43075012275786373,0.42857142857142855,0.4296607756646461
Napa,37953.0,183.0,0.43075012275786373,0.2976190476190476,0.36418458518845565
Napa,37953.0,71.0,0.43075012275786373,0.07539682539682539,0.25307347407734454
Nevada,32359.0,57.0,0.5923283556223102,0.047619047619047616,0.31997370162067895
Nevada,32359.0,54.0,0.5923283556223102,0.041666666666666664,0.31699751114448843
Nevada,32359.0,92.0,0.5923283556223102,0.11706349206349206,0.35469592384290116
Nevada,32359.0,154.0,0.5923283556223102,0.2400793650793651,0.4162038603508377
Nevada,32359.0,52.0,0.5923283556223102,0.037698412698412696,0.31501338416036145
Nevada,32359.0,72.0,0.5923283556223102,0.07738095238095238,0.3348546540016313
Nevada,32359.0,158.0,0.5923283556223102,0.24801587301587302,0.4201721143190916
Nevada,32359.0,196.0,0.5923283556223102,0.32341269841269843,0.4578705270175043
Nevada,32359.0,83.0,0.5923283556223102,0.0992063492063492,0.3457673524143297
Orange,36135.0,110.0,0.4832616042286474,0.1527777777777778,0.3180196910032126
Orange,36135.0,137.0,0.4832616042286474,0.20634920634920634,0.3448054052889269
Orange,36135.0,107.0,0.4832616042286474,0.14682539682539683,0.3150435005270221
Orange,36135.0,124.0,0.4832616042286474,0.18055555555555555,0.3319085798921015
Orange,36135.0,126.0,0.4832616042286474,0.18452380952380953,0.33389270687622846
Orange,36135.0,126.0,0.4832616042286474,0.18452380952380953,0.33389270687622846
Orange,36135.0,151.0,0.4832616042286474,0.23412698412698413,0.35869429417781573
Orange,36135.0,157.0,0.4832616042286474,0.24603174603174602,0.3646466751301967
Orange,36135.0,105.0,0.4832616042286474,0.14285714285714285,0.31305937354289515
Placer,41130.0,118.0,0.338985009098524,0.16865079365079366,0.25381790137465887
Placer,41130.0,165.0,0.338985009098524,0.2619047619047619,0.30044488550164294
Placer,41130.0,161.0,0.338985009098524,0.25396825396825395,0.296476631533389
Placer,41130.0,240.0,0.338985009098524,0.4107142857142857,0.37484964740640486
Placer,41130.0,179.0,0.338985009098524,0.2896825396825397,0.3143337743905319
Placer,41130.0,86.0,0.338985009098524,0.10515873015873016,0.2220718696286271
Placer,41130.0,88.0,0.338985009098524,0.10912698412698413,0.22405599661275408
Placer,41130.0,223.0,0.338985009098524,0.376984126984127,0.3579845680413255
Placer,41130.0,85.0,0.338985009098524,0.10317460317460317,0.22107980613656358
Plumas,31351.0,140.0,0.6214436324773981,0.2123015873015873,0.4168726098894927
Plumas,31351.0,140.0,0.6214436324773981,0.2123015873015873,0.4168726098894927
Plumas,31351.0,140.0,0.6214436324773981,0.2123015873015873,0.4168726098894927
Plumas,31351.0,140.0,0.6214436324773981,0.2123015873015873,0.4168726098894927
Plumas,31351.0,140.0,0.6214436324773981,0.2123015873015873,0.4168726098894927
Plumas,31351.0,140.0,0.6214436324773981,0.2123015873015873,0.4168726098894927
Plumas,31351.0,140.0,0.6214436324773981,0.2123015873015873,0.4168726098894927
Plumas,31351.0,140.0,0.6214436324773981,0.2123015873015873,0.4168726098894927
Plumas,31351.0,140.0,0.6214436324773981,0.2123015873015873,0.4168726098894927
Riverside,28557.0,155.0,0.7021460962999335,0.24206349206349206,0.4721047941817128
Riverside,28557.0,110.0,0.7021460962999335,0.1527777777777778,0.42746193703885565
Riverside,28557.0,153.0,0.7021460962999335,0.23809523809523808,0.47012066719758583
Riverside,28557.0,160.0,0.7021460962999335,0.251984126984127,0.47706511164203025
Riverside,28557.0,152.0,0.7021460962999335,0.2361111111111111,0.46912860370552234
Riverside,28557.0,152.0,0.7021460962999335,0.2361111111111111,0.46912860370552234
Riverside,28557.0,154.0,0.7021460962999335,0.2400793650793651,0.4711127306896493
Riverside,28557.0,167.0,0.7021460962999335,0.26587301587301587,0.48400955608647467
Riverside,28557.0,152.0,0.7021460962999335,0.2361111111111111,0.46912860370552234
Sacramento,32275.0,150.0,0.5947546286935674,0.23214285714285715,0.4134487429182123
Sacramento,32275.0,100.0,0.5947546286935674,0.13293650793650794,0.36384556831503767
Sacramento,32275.0,146.0,0.5947546286935674,0.22420634920634921,0.4094804889499583
Sacramento,32275.0,142.0,0.5947546286935674,0.21626984126984128,0.40551223498170436
Sacramento,32275.0,148.0,0.5947546286935674,0.22817460317460317,0.4114646159340853
Sacramento,32275.0,129.0,0.5947546286935674,0.19047619047619047,0.39261540958487895
Sacramento,32275.0,129.0,0.5947546286935674,0.19047619047619047,0.39261540958487895
Sacramento,32275.0,278.0,0.5947546286935674,0.4861111111111111,0.5404328699023393
Sacramento,32275.0,116.0,0.5947546286935674,0.16468253968253968,0.37971858418805354
Shasta,27000.0,67.0,0.747118800727882,0.06746031746031746,0.4072895590940997
Shasta,27000.0,81.0,0.747118800727882,0.09523809523809523,0.4211784479829886
Shasta,27000.0,98.0,0.747118800727882,0.12896825396825398,0.43804352734806795
Shasta,27000.0,75.0,0.747118800727882,0.08333333333333333,0.41522606703060766
Shasta,27000.0,156.0,0.747118800727882,0.24404761904761904,0.4955832098877505
Shasta,27000.0,52.0,0.747118800727882,0.037698412698412696,0.3924086067131473
Shasta,27000.0,157.0,0.747118800727882,0.24603174603174602,0.496575273379814
Shasta,27000.0,190.0,0.747118800727882,0.3115079365079365,0.5293133686179092
Shasta,27000.0,76.0,0.747118800727882,0.08531746031746032,0.41621813052267115
Sierra,28138.0,140.0,0.714248577452991,0.2123015873015873,0.46327508237728915
Sierra,28138.0,140.0,0.714248577452991,0.2123015873015873,0.46327508237728915
Siskiyou,25576.0,140.0,0.7882499061263395,0.2123015873015873,0.5002757467139634
Siskiyou,25576.0,140.0,0.7882499061263395,0.2123015873015873,0.5002757467139634
Siskiyou,25576.0,140.0,0.7882499061263395,0.2123015873015873,0.5002757467139634
Siskiyou,25576.0,140.0,0.7882499061263395,0.2123015873015873,0.5002757467139634
Siskiyou,25576.0,140.0,0.7882499061263395,0.2123015873015873,0.5002757467139634
Siskiyou,25576.0,140.0,0.7882499061263395,0.2123015873015873,0.5002757467139634
Siskiyou,25576.0,140.0,0.7882499061263395,0.2123015873015873,0.5002757467139634
Siskiyou,25576.0,140.0,0.7882499061263395,0.2123015873015873,0.5002757467139634
Siskiyou,25576.0,140.0,0.7882499061263395,0.2123015873015873,0.5002757467139634
Solano,36273.0,147.0,0.4792755841830103,0.2261904761904762,0.35273303018674323
Solano,36273.0,104.0,0.4792755841830103,0.14087301587301587,0.31007430002801306
Solano,36273.0,132.0,0.4792755841830103,0.19642857142857142,0.33785207780579085
Solano,36273.0,124.0,0.4792755841830103,0.18055555555555555,0.32991556986928294
Solano,36273.0,118.0,0.4792755841830103,0.16865079365079366,0.323963188916902
Solano,36273.0,74.0,0.4792755841830103,0.08134920634920635,0.28031239526610835
Solano,36273.0,175.0,0.4792755841830103,0.28174603174603174,0.380510807964521
Solano,36273.0,247.0,0.4792755841830103,0.4246031746031746,0.4519393793930925
Solano,36273.0,90.0,0.4792755841830103,0.1130952380952381,0.2961854111391242
Sonoma,36623.0,95.0,0.46916611305277145,0.12301587301587301,0.29609099303432224
Sonoma,36623.0,80.0,0.46916611305277145,0.09325396825396826,0.28121004065336985
Sonoma,36623.0,85.0,0.46916611305277145,0.10317460317460317,0.2861703581136873
Sonoma,36623.0,81.0,0.46916611305277145,0.09523809523809523,0.28220210414543334
Sonoma,36623.0,88.0,0.46916611305277145,0.10912698412698413,0.28914654858987776
Sonoma,36623.0,65.0,0.46916611305277145,0.06349206349206349,0.26632908827241747
Sonoma,36623.0,165.0,0.46916611305277145,0.2619047619047619,0.3655354374787667
Sonoma,36623.0,226.0,0.46916611305277145,0.38293650793650796,0.42605131049463973
Sonoma,36623.0,84.0,0.46916611305277145,0.10119047619047619,0.2851782946216238
Stanislaus,27840.0,163.0,0.7228560700153086,0.25793650793650796,0.49039628897590826
Stanislaus,27840.0,155.0,0.7228560700153086,0.24206349206349206,0.48245978103940035
Stanislaus,27840.0,165.0,0.7228560700153086,0.2619047619047619,0.49238041596003523
Stanislaus,27840.0,154.0,0.7228560700153086,0.2400793650793651,0.48146771754733686
Stanislaus,27840.0,165.0,0.7228560700153086,0.2619047619047619,0.49238041596003523
Stanislaus,27840.0,146.0,0.7228560700153086,0.22420634920634921,0.4735312096108289
Stanislaus,27840.0,161.0,0.7228560700153086,0.25396825396825395,0.4884121619917813
Stanislaus,27840.0,240.0,0.7228560700153086,0.4107142857142857,0.5667851778647972
Stanislaus,27840.0,120.0,0.7228560700153086,0.17261904761904762,0.44773755881717814
Sutter,26334.0,152.0,0.766355680078565,0.2361111111111111,0.501233395594838
Sutter,26334.0,115.0,0.766355680078565,0.1626984126984127,0.46452704638848885
Sutter,26334.0,96.0,0.766355680078565,0.125,0.4456778400392825
Sutter,26334.0,117.0,0.766355680078565,0.16666666666666666,0.46651117337261583
Sutter,26334.0,102.0,0.766355680078565,0.13690476190476192,0.4516302209916635
Sutter,26334.0,112.0,0.766355680078565,0.15674603174603174,0.4615508559122984
Sutter,26334.0,124.0,0.766355680078565,0.18055555555555555,0.4734556178170603
Sutter,26334.0,144.0,0.766355680078565,0.22023809523809523,0.49329688765833013
Sutter,26334.0,110.0,0.766355680078565,0.1527777777777778,0.4595667289281714
Tehama,23061.0,140.0,0.8608936772479131,0.2123015873015873,0.5365976322747502
Tehama,23061.0,140.0,0.8608936772479131,0.2123015873015873,0.5365976322747502
Tehama,23061.0,140.0,0.8608936772479131,0.2123015873015873,0.5365976322747502
Tehama,23061.0,140.0,0.8608936772479131,0.2123015873015873,0.5365976322747502
Tehama,23061.0,140.0,0.8608936772479131,0.2123015873015873,0.5365976322747502
Tehama,23061.0,93.0,0.8608936772479131,0.11904761904761904,0.4899706481477661
Tehama,23061.0,167.0,0.8608936772479131,0.26587301587301587,0.5633833465604645
Tehama,23061.0,190.0,0.8608936772479131,0.3115079365079365,0.5862008068779248
Tehama,23061.0,73.0,0.8608936772479131,0.07936507936507936,0.47012937830649626
Trinity,23901.0,140.0,0.8366309465353399,0.2123015873015873,0.5244662669184635
Trinity,23901.0,140.0,0.8366309465353399,0.2123015873015873,0.5244662669184635
Trinity,23901.0,140.0,0.8366309465353399,0.2123015873015873,0.5244662669184635
Trinity,23901.0,140.0,0.8366309465353399,0.2123015873015873,0.5244662669184635
Trinity,23901.0,140.0,0.8366309465353399,0.2123015873015873,0.5244662669184635
Trinity,23901.0,140.0,0.8366309465353399,0.2123015873015873,0.5244662669184635
Trinity,23901.0,140.0,0.8366309465353399,0.2123015873015873,0.5244662669184635
Trinity,23901.0,140.0,0.8366309465353399,0.2123015873015873,0.5244662669184635
Trinity,23901.0,140.0,0.8366309465353399,0.2123015873015873,0.5244662669184635
Tulare,22994.0,160.0,0.8628289188642732,0.251984126984127,0.5574065229242
Tulare,22994.0,162.0,0.8628289188642732,0.25595238095238093,0.559390649908327
Tulare,22994.0,186.0,0.8628289188642732,0.30357142857142855,0.5832001737178508
Tulare,22994.0,164.0,0.8628289188642732,0.25992063492063494,0.5613747768924541
Tulare,22994.0,167.0,0.8628289188642732,0.26587301587301587,0.5643509673686445
Tulare,22994.0,132.0,0.8628289188642732,0.19642857142857142,0.5296287451464223
Tulare,22994.0,167.0,0.8628289188642732,0.26587301587301587,0.5643509673686445
Tulare,22994.0,167.0,0.8628289188642732,0.26587301587301587,0.5643509673686445
Tulare,22994.0,130.0,0.8628289188642732,0.19246031746031747,0.5276446181622954
Tuolumne,29458.0,140.0,0.6761214291903758,0.2123015873015873,0.44421150824598155
Tuolumne,29458.0,140.0,0.6761214291903758,0.2123015873015873,0.44421150824598155
Tuolumne,29458.0,140.0,0.6761214291903758,0.2123015873015873,0.44421150824598155
Tuolumne,29458.0,140.0,0.6761214291903758,0.2123015873015873,0.44421150824598155
Tuolumne,29458.0,140.0,0.6761214291903758,0.2123015873015873,0.44421150824598155
Tuolumne,29458.0,140.0,0.6761214291903758,0.2123015873015873,0.44421150824598155
Tuolumne,29458.0,140.0,0.6761214291903758,0.2123015873015873,0.44421150824598155
Tuolumne,29458.0,140.0,0.6761214291903758,0.2123015873015873,0.44421150824598155
Tuolumne,29458.0,140.0,0.6761214291903758,0.2123015873015873,0.44421150824598155
Ventura,33814.0,78.0,0.5503018399237457,0.08928571428571429,0.31979377710473
Ventura,33814.0,117.0,0.5503018399237457,0.16666666666666666,0.35848425329520617
Ventura,33814.0,86.0,0.5503018399237457,0.10515873015873016,0.3277302850412379
Ventura,33814.0,95.0,0.5503018399237457,0.12301587301587301,0.33665885646980936
Ventura,33814.0,95.0,0.5503018399237457,0.12301587301587301,0.33665885646980936
Ventura,33814.0,100.0,0.5503018399237457,0.13293650793650794,0.3416191739301268
Ventura,33814.0,537.0,0.5503018399237457,1.0,0.7751509199618729
Ventura,33814.0,116.0,0.5503018399237457,0.16468253968253968,0.3574921898031427
Ventura,33814.0,79.0,0.5503018399237457,0.09126984126984126,0.3207858405967935
Yolo,30331.0,111.0,0.6509055197712371,0.15476190476190477,0.40283371226657094
Yolo,30331.0,56.0,0.6509055197712371,0.04563492063492063,0.34827022020307885
Yolo,30331.0,72.0,0.6509055197712371,0.07738095238095238,0.3641432360760948
Yolo,30331.0,56.0,0.6509055197712371,0.04563492063492063,0.34827022020307885
Yolo,30331.0,87.0,0.6509055197712371,0.10714285714285714,0.3790241884570471
Yolo,30331.0,60.0,0.6509055197712371,0.05357142857142857,0.35223847417133286
Yolo,30331.0,153.0,0.6509055197712371,0.23809523809523808,0.44450037893323757
Yolo,30331.0,216.0,0.6509055197712371,0.3630952380952381,0.5070003789332376
Yolo,30331.0,84.0,0.6509055197712371,0.10119047619047619,0.37604799798085664
Yuba,27877.0,140.0,0.7217873544958262,0.2123015873015873,0.46704447089870677
Yuba,27877.0,140.0,0.7217873544958262,0.2123015873015873,0.46704447089870677
Yuba,27877.0,140.0,0.7217873544958262,0.2123015873015873,0.46704447089870677
Yuba,27877.0,140.0,0.7217873544958262,0.2123015873015873,0.46704447089870677
Yuba,27877.0,140.0,0.7217873544958262,0.2123015873015873,0.46704447089870677
Yuba,27877.0,140.0,0.7217873544958262,0.2123015873015873,0.46704447089870677
Yuba,27877.0,140.0,0.7217873544958262,0.2123015873015873,0.46704447089870677
Yuba,27877.0,140.0,0.7217873544958262,0.2123015873015873,0.46704447089870677
